Workbook

Sheet Equipment List
A1: 📋 Equipment Inventory
A2: Track all equipment and vehicles in your fleet
A4: ID# | B4: Description | C4: Make / Model | D4: Serial # | E4: Purchase Date | F4: Purchase Price | G4: Warranty Exp. | H4: Location | I4: Status
A5: EQ-001
A6: EQ-002
A7: EQ-003
A8: EQ-004
A9: EQ-005
A10: EQ-006
A11: EQ-007
A12: EQ-008
A13: EQ-009
A14: EQ-010
A15: EQ-011
A16: EQ-012
... A34: EQ-030

Sheet Maintenance Log
A1: 🔧 Maintenance Log
A2: Record every maintenance activity — costs auto-total below
A4: Date | B4: Equipment ID | C4: Type | D4: Description | E4: Parts Used | F4: Labor Hours | G4: Total Cost | H4: Next Service Date | I4: Technician
A55: TOTAL MAINTENANCE COST | F55: =SUM(F5:F54) | G55: =SUM(G5:G54)

Sheet Service Schedule
A1: 📅 Service Schedule
A2: Auto-calculates due dates — red=overdue, yellow=due soon, green=OK
A4: Equipment ID | B4: Description | C4: Service Interval (days) | D4: Last Service Date | E4: Next Due Date | F4: Days Until Due | G4: Status
A5: EQ-001 | B5: =IF('Equipment List'!B5<>"", 'Equipment List'!B5, "") | E5: =IF(AND(D5<>"",C5<>""), D5+C5, "") | F5: =IF(E5<>"", E5-TODAY(), "") | G5: =IF(F5="","",IF(F5<0,"OVERDUE",IF(F5<=7,"DUE SOON","OK")))
A6: EQ-002 | B6: =IF('Equipment List'!B6<>"", 'Equipment List'!B6, "") | E6: =IF(AND(D6<>"",C6<>""), D6+C6, "") | F6: =IF(E6<>"", E6-TODAY(), "") | G6: =IF(F6="","",IF(F6<0,"OVERDUE",IF(F6<=7,"DUE SOON","OK")))
A7: EQ-003 | B7: =IF('Equipment List'!B7<>"", 'Equipment List'!B7, "") | E7: =IF(AND(D7<>"",C7<>""), D7+C7, "") | F7: =IF(E7<>"", E7-TODAY(), "") | G7: =IF(F7="","",IF(F7<0,"OVERDUE",IF(F7<=7,"DUE SOON","OK")))
A8: EQ-004 | B8: =IF('Equipment List'!B8<>"", 'Equipment List'!B8, "") | E8: =IF(AND(D8<>"",C8<>""), D8+C8, "") | F8: =IF(E8<>"", E8-TODAY(), "") | G8: =IF(F8="","",IF(F8<0,"OVERDUE",IF(F8<=7,"DUE SOON","OK")))
A9: EQ-005 | B9: =IF('Equipment List'!B9<>"", 'Equipment List'!B9, "") | E9: =IF(AND(D9<>"",C9<>""), D9+C9, "") | F9: =IF(E9<>"", E9-TODAY(), "") | G9: =IF(F9="","",IF(F9<0,"OVERDUE",IF(F9<=7,"DUE SOON","OK")))
A10: EQ-006 | B10: =IF('Equipment List'!B10<>"", 'Equipment List'!B10, "") | E10: =IF(AND(D10<>"",C10<>""), D10+C10, "") | F10: =IF(E10<>"", E10-TODAY(), "") | G10: =IF(F10="","",IF(F10<0,"OVERDUE",IF(F10<=7,"DUE SOON","OK")))
A11: EQ-007 | B11: =IF('Equipment List'!B11<>"", 'Equipment List'!B11, "") | E11: =IF(AND(D11<>"",C11<>""), D11+C11, "") | F11: =IF(E11<>"", E11-TODAY(), "") | G11: =IF(F11="","",IF(F11<0,"OVERDUE",IF(F11<=7,"DUE SOON","OK")))
A12: EQ-008 | B12: =IF('Equipment List'!B12<>"", 'Equipment List'!B12, "") | E12: =IF(AND(D12<>"",C12<>""), D12+C12, "") | F12: =IF(E12<>"", E12-TODAY(), "") | G12: =IF(F12="","",IF(F12<0,"OVERDUE",IF(F12<=7,"DUE SOON","OK")))
A13: EQ-009 | B13: =IF('Equipment List'!B13<>"", 'Equipment List'!B13, "") | E13: =IF(AND(D13<>"",C13<>""), D13+C13, "") | F13: =IF(E13<>"", E13-TODAY(), "") | G13: =IF(F13="","",IF(F13<0,"OVERDUE",IF(F13<=7,"DUE SOON","OK")))
A14: EQ-010 | B14: =IF('Equipment List'!B14<>"", 'Equipment List'!B14, "") | E14: =IF(AND(D14<>"",C14<>""), D14+C14, "") | F14: =IF(E14<>"", E14-TODAY(), "") | G14: =IF(F14="","",IF(F14<0,"OVERDUE",IF(F14<=7,"DUE SOON","OK")))
A15: EQ-011 | B15: =IF('Equipment List'!B15<>"", 'Equipment List'!B15, "") | E15: =IF(AND(D15<>"",C15<>""), D15+C15, "") | F15: =IF(E15<>"", E15-TODAY(), "") | G15: =IF(F15="","",IF(F15<0,"OVERDUE",IF(F15<=7,"DUE SOON","OK")))
A16: EQ-012 | B16: =IF('Equipment List'!B16<>"", 'Equipment List'!B16, "") | E16: =IF(AND(D16<>"",C16<>""), D16+C16, "") | F16: =IF(E16<>"", E16-TODAY(), "") | G16: =IF(F16="","",IF(F16<0,"OVERDUE",IF(F16<=7,"DUE SOON","OK")))
... A34: EQ-030 | B34: =IF('Equipment List'!B34<>"", 'Equipment List'!B34, "") | E34: =IF(AND(D34<>"",C34<>""), D34+C34, "") | F34: =IF(E34<>"", E34-TODAY(), "") | G34: =IF(F34="","",IF(F34<0,"OVERDUE",IF(F34<=7,"DUE SOON","OK")))

Sheet Cost Summary
A1: 💰 Cost Summary
A2: Auto-calculated from Maintenance Log — no manual entry needed
A4: Equipment ID | B4: Description | C4: Total Maintenance Cost | D4: Number of Services | E4: Avg Cost per Service
A5: EQ-001 | B5: =IF('Equipment List'!B5<>"", 'Equipment List'!B5, "") | C5: =SUMIF('Maintenance Log'!$B$5:$B$54, A5, 'Maintenance Log'!$G$5:$G$54) | D5: =COUNTIF('Maintenance Log'!$B$5:$B$54, A5) | E5: =IF(D5>0, C5/D5, 0)
A6: EQ-002 | B6: =IF('Equipment List'!B6<>"", 'Equipment List'!B6, "") | C6: =SUMIF('Maintenance Log'!$B$5:$B$54, A6, 'Maintenance Log'!$G$5:$G$54) | D6: =COUNTIF('Maintenance Log'!$B$5:$B$54, A6) | E6: =IF(D6>0, C6/D6, 0)
A7: EQ-003 | B7: =IF('Equipment List'!B7<>"", 'Equipment List'!B7, "") | C7: =SUMIF('Maintenance Log'!$B$5:$B$54, A7, 'Maintenance Log'!$G$5:$G$54) | D7: =COUNTIF('Maintenance Log'!$B$5:$B$54, A7) | E7: =IF(D7>0, C7/D7, 0)
A8: EQ-004 | B8: =IF('Equipment List'!B8<>"", 'Equipment List'!B8, "") | C8: =SUMIF('Maintenance Log'!$B$5:$B$54, A8, 'Maintenance Log'!$G$5:$G$54) | D8: =COUNTIF('Maintenance Log'!$B$5:$B$54, A8) | E8: =IF(D8>0, C8/D8, 0)
A9: EQ-005 | B9: =IF('Equipment List'!B9<>"", 'Equipment List'!B9, "") | C9: =SUMIF('Maintenance Log'!$B$5:$B$54, A9, 'Maintenance Log'!$G$5:$G$54) | D9: =COUNTIF('Maintenance Log'!$B$5:$B$54, A9) | E9: =IF(D9>0, C9/D9, 0)
A10: EQ-006 | B10: =IF('Equipment List'!B10<>"", 'Equipment List'!B10, "") | C10: =SUMIF('Maintenance Log'!$B$5:$B$54, A10, 'Maintenance Log'!$G$5:$G$54) | D10: =COUNTIF('Maintenance Log'!$B$5:$B$54, A10) | E10: =IF(D10>0, C10/D10, 0)
A11: EQ-007 | B11: =IF('Equipment List'!B11<>"", 'Equipment List'!B11, "") | C11: =SUMIF('Maintenance Log'!$B$5:$B$54, A11, 'Maintenance Log'!$G$5:$G$54) | D11: =COUNTIF('Maintenance Log'!$B$5:$B$54, A11) | E11: =IF(D11>0, C11/D11, 0)
A12: EQ-008 | B12: =IF('Equipment List'!B12<>"", 'Equipment List'!B12, "") | C12: =SUMIF('Maintenance Log'!$B$5:$B$54, A12, 'Maintenance Log'!$G$5:$G$54) | D12: =COUNTIF('Maintenance Log'!$B$5:$B$54, A12) | E12: =IF(D12>0, C12/D12, 0)
A13: EQ-009 | B13: =IF('Equipment List'!B13<>"", 'Equipment List'!B13, "") | C13: =SUMIF('Maintenance Log'!$B$5:$B$54, A13, 'Maintenance Log'!$G$5:$G$54) | D13: =COUNTIF('Maintenance Log'!$B$5:$B$54, A13) | E13: =IF(D13>0, C13/D13, 0)
A14: EQ-010 | B14: =IF('Equipment List'!B14<>"", 'Equipment List'!B14, "") | C14: =SUMIF('Maintenance Log'!$B$5:$B$54, A14, 'Maintenance Log'!$G$5:$G$54) | D14: =COUNTIF('Maintenance Log'!$B$5:$B$54, A14) | E14: =IF(D14>0, C14/D14, 0)
A15: EQ-011 | B15: =IF('Equipment List'!B15<>"", 'Equipment List'!B15, "") | C15: =SUMIF('Maintenance Log'!$B$5:$B$54, A15, 'Maintenance Log'!$G$5:$G$54) | D15: =COUNTIF('Maintenance Log'!$B$5:$B$54, A15) | E15: =IF(D15>0, C15/D15, 0)
A16: EQ-012 | B16: =IF('Equipment List'!B16<>"", 'Equipment List'!B16, "") | C16: =SUMIF('Maintenance Log'!$B$5:$B$54, A16, 'Maintenance Log'!$G$5:$G$54) | D16: =COUNTIF('Maintenance Log'!$B$5:$B$54, A16) | E16: =IF(D16>0, C16/D16, 0)
... A34: EQ-030 | B34: =IF('Equipment List'!B34<>"", 'Equipment List'!B34, "") | C34: =SUMIF('Maintenance Log'!$B$5:$B$54, A34, 'Maintenance Log'!$G$5:$G$54) | D34: =COUNTIF('Maintenance Log'!$B$5:$B$54, A34) | E34: =IF(D34>0, C34/D34, 0)
A35: GRAND TOTAL | C35: =SUM(C5:C34) | D35: =SUM(D5:D34) | E35: =IF(D35>0, C35/D35, 0)
